{
  "timestamp": "2025-10-26T06:02:46.294578",
  "before_image": "before.jpg",
  "after_image": "after.jpg",
  "before_metrics": {
    "ndvi_mean": -0.0723918080329895,
    "ndvi_std": 0.08939000964164734,
    "ndvi_max": 1.0,
    "ndvi_min": -0.6666666865348816,
    "evi_mean": -0.028153421357274055,
    "evi_std": 0.019440537318587303,
    "evi_max": 0.05509644001722336,
    "evi_min": -0.08480916917324066,
    "ndwi_mean": -0.028319919481873512,
    "ndwi_std": 0.09293163567781448,
    "ndwi_max": 0.1111111119389534,
    "ndwi_min": -1.0,
    "savi_mean": -0.030928848311305046,
    "savi_std": 0.02150578424334526,
    "savi_max": 0.05633802339434624,
    "savi_min": -0.10630536079406738,
    "lai_mean": 0.3470105230808258,
    "lai_std": 0.11684564501047134,
    "lai_max": 2.530313014984131,
    "lai_min": 0.0,
    "fvc_mean": 0.002583737950772047,
    "fvc_std": 0.04780455306172371,
    "fvc_max": 1.0,
    "fvc_min": 0.0
  },
  "after_metrics": {
    "ndvi_mean": 0.1792064905166626,
    "ndvi_std": 0.12574158608913422,
    "ndvi_max": 1.0,
    "ndvi_min": -0.6666666865348816,
    "evi_mean": 0.042707499116659164,
    "evi_std": 0.020704837515950203,
    "evi_max": 0.17147313058376312,
    "evi_min": -0.04047413170337677,
    "ndwi_mean": 0.03279786556959152,
    "ndwi_std": 0.04893951490521431,
    "ndwi_max": 0.1111111119389534,
    "ndwi_min": -1.0,
    "savi_mean": 0.04281624034047127,
    "savi_std": 0.020223485305905342,
    "savi_max": 0.10721123218536377,
    "savi_min": -0.0466926135122776,
    "lai_mean": 0.6053177714347839,
    "lai_std": 0.21311898529529572,
    "lai_max": 2.530313014984131,
    "lai_min": 0.0,
    "fvc_mean": 0.150066539645195,
    "fvc_std": 0.12248966842889786,
    "fvc_max": 1.0,
    "fvc_min": 0.0
  },
  "impact_analysis": {
    "impact_score": 100.0,
    "confidence": 0.0,
    "category": "Excellent",
    "ndvi_change_percent": 347.55078653021906,
    "evi_change_percent": 251.69559082356133,
    "fvc_change_percent": 5708.117417334687,
    "lai_change_percent": 74.43787179311425,
    "weighted_score": 1622.7617080941059
  },
  "status": "success"
}